ID,Type,Start_Lon,Start_Lat,End_Lon,End_Lat
1,car,48.8539327,2.3477731,48.8539327,2.3477731
2,car,48.8539327,2.3477731,48.8539327,2.3477731
3,car,48.8539327,2.3477731,48.8539327,2.3477731
4,car,48.8539327,2.3477731,48.8539327,2.3477731
5,bus,48.8539327,2.3477731,48.8539327,2.3477731
